ExpirationDate,DaysToExpiration,Strike,Call_Bid,Call_Ask,Put_Bid,Put_Ask
2026-05-15,21,60.0,86.2,89.75,0.07,0.2
2026-05-15,21,70.0,84.6,87.15,0.17,1.4
2026-05-15,21,75.0,71.2,74.6,0.04,2.13
2026-05-15,21,80.0,66.25,69.25,0.15,1.71
2026-05-15,21,85.0,60.85,60.85,0.1,0.92
2026-05-15,21,90.0,54.65,58.0,0.05,0.05
2026-05-15,21,95.0,51.25,54.4,0.05,0.15
2026-05-15,21,100.0,46.3,49.3,0.01,0.11
2026-05-15,21,105.0,41.3,44.3,0.05,0.05
2026-05-15,21,110.0,37.55,39.25,0.03,0.08
2026-05-15,21,115.0,31.85,34.35,0.02,0.09
2026-05-15,21,120.0,26.7,29.45,0.12,0.17
2026-05-15,21,125.0,22.1,23.75,0.2,0.36
2026-05-15,21,130.0,18.1,19.05,0.44,0.51
2026-05-15,21,135.0,13.2,14.5,0.89,1.03
2026-05-15,21,140.0,9.0,10.2,1.77,1.99
2026-05-15,21,143.0,6.7,8.05,2.71,3.15
2026-05-15,21,145.0,6.25,6.5,3.45,3.7
2026-05-15,21,147.0,4.75,5.4,4.4,4.7
2026-05-15,21,148.0,4.7,5.0,4.9,5.35
2026-05-15,21,149.0,4.2,4.5,5.45,5.9
2026-05-15,21,150.0,3.9,4.1,6.05,6.5
2026-05-15,21,152.5,2.91,3.05,7.6,8.05
2026-05-15,21,155.0,2.27,2.35,9.3,9.85
2026-05-15,21,160.0,1.2,1.32,13.35,14.55
2026-05-15,21,165.0,0.65,0.73,18.0,18.8
2026-05-15,21,170.0,0.33,0.4,21.85,24.5
2026-05-15,21,175.0,0.2,0.37,26.8,29.35
2026-05-15,21,180.0,0.13,0.15,32.0,34.6
2026-05-15,21,185.0,0.07,0.1,36.2,39.6
2026-05-15,21,190.0,0.06,0.09,41.05,44.6
2026-05-15,21,195.0,0.04,0.1,46.15,49.55
2026-05-15,21,200.0,0.02,0.05,51.15,54.55
2026-05-15,21,210.0,0.01,0.03,61.1,64.5
2026-05-15,21,220.0,0.01,0.05,71.2,74.45
2026-05-15,21,240.0,0.01,0.1,91.1,94.4
2026-05-22,28,120.0,26.45,29.4,0.3,0.39
2026-05-22,28,125.0,21.55,24.55,0.29,0.36
2026-05-22,28,130.0,18.45,19.3,0.59,0.71
2026-05-22,28,135.0,12.95,14.7,1.19,1.33
2026-05-22,28,140.0,9.15,10.45,2.26,2.38
2026-05-22,28,145.0,6.75,6.95,4.05,4.2
2026-05-22,28,150.0,4.25,4.4,6.6,6.75
2026-05-22,28,155.0,2.6,2.69,9.8,10.4
2026-05-22,28,160.0,1.48,1.59,13.6,15.25
2026-05-22,28,165.0,0.86,1.0,17.2,19.85
2026-05-22,28,170.0,0.46,0.62,21.9,24.55
2026-05-22,28,175.0,0.24,0.42,26.75,29.45
2026-05-22,28,180.0,0.01,0.41,31.65,34.4
2026-05-29,35,120.0,26.6,29.45,0.01,0.42
2026-05-29,35,125.0,21.95,24.65,0.4,0.7
2026-05-29,35,130.0,17.1,19.95,0.82,0.99
2026-05-29,35,135.0,12.9,15.05,1.45,1.69
2026-05-29,35,140.0,10.0,11.05,2.54,2.85
2026-05-29,35,145.0,6.8,7.55,4.35,4.8
2026-05-29,35,150.0,4.6,4.95,6.85,7.6
2026-05-29,35,155.0,2.74,3.15,10.0,10.8
2026-05-29,35,160.0,1.72,1.99,13.0,16.1
2026-05-29,35,165.0,1.03,1.22,17.35,20.15
2026-05-29,35,170.0,0.59,0.72,22.0,24.8
2026-05-29,35,175.0,0.33,0.55,26.8,29.55
2026-05-29,35,180.0,0.07,0.58,31.7,34.4
2026-06-18,55,50.0,97.0,98.65,0.1,0.04
2026-06-18,55,60.0,87.05,88.8,0.01,0.15
2026-06-18,55,65.0,87.2,87.2,0.15,0.2
2026-06-18,55,70.0,82.88,82.88,0.04,0.06
2026-06-18,55,75.0,76.95,76.95,0.25,0.88
2026-06-18,55,80.0,72.7,72.7,0.06,0.06
2026-06-18,55,85.0,62.1,63.85,0.07,0.29
2026-06-18,55,90.0,57.05,58.8,0.07,0.24
2026-06-18,55,95.0,52.05,53.75,0.05,0.13
2026-06-18,55,100.0,47.05,48.55,0.05,0.23
2026-06-18,55,105.0,42.05,43.85,0.15,0.25
2026-06-18,55,110.0,37.8,38.7,0.23,0.34
2026-06-18,55,115.0,32.15,33.8,0.37,0.4
2026-06-18,55,120.0,27.3,28.95,0.55,0.61
2026-06-18,55,125.0,22.65,24.25,0.88,0.94
2026-06-18,55,130.0,19.0,19.8,1.45,1.55
2026-06-18,55,135.0,15.0,15.6,2.37,2.45
2026-06-18,55,140.0,11.05,11.95,3.7,3.95
2026-06-18,55,145.0,8.55,8.75,5.65,5.85
2026-06-18,55,150.0,6.1,6.3,8.2,8.4
2026-06-18,55,155.0,4.25,4.4,11.25,11.6
2026-06-18,55,160.0,2.82,3.05,14.9,15.5
2026-06-18,55,165.0,1.86,2.05,18.9,20.2
2026-06-18,55,170.0,1.25,1.39,23.4,24.8
2026-06-18,55,175.0,0.86,0.93,27.75,29.45
2026-06-18,55,180.0,0.58,0.67,32.4,34.5
2026-06-18,55,185.0,0.38,0.45,37.3,39.2
2026-06-18,55,190.0,0.28,0.36,42.35,44.1
2026-06-18,55,195.0,0.17,0.32,47.3,49.0
2026-06-18,55,200.0,0.16,0.23,51.9,53.9
2026-07-17,84,65.0,87.2,87.2,0.06,0.2
2026-07-17,84,70.0,82.88,82.88,0.05,0.5
2026-07-17,84,75.0,76.96,76.96,0.08,0.32
2026-07-17,84,80.0,72.71,72.71,0.13,0.34
2026-07-17,84,90.0,56.3,59.45,0.16,0.34
2026-07-17,84,95.0,58.85,62.25,0.24,0.35
2026-07-17,84,100.0,46.4,49.4,0.19,0.33
2026-07-17,84,105.0,41.8,44.5,0.33,0.62
2026-07-17,84,110.0,46.6,48.6,0.46,0.57
2026-07-17,84,115.0,32.35,34.9,0.66,0.75
2026-07-17,84,120.0,27.65,30.3,0.98,1.11
2026-07-17,84,125.0,24.05,25.2,1.51,1.65
2026-07-17,84,130.0,19.4,20.8,2.29,2.41
2026-07-17,84,135.0,15.75,17.0,3.4,3.5
2026-07-17,84,140.0,13.1,13.5,4.9,5.05
2026-07-17,84,145.0,10.2,10.4,6.9,7.1
2026-07-17,84,150.0,7.65,7.9,9.4,9.6
2026-07-17,84,155.0,5.75,5.9,12.4,12.65
2026-07-17,84,160.0,4.15,4.35,15.75,16.9
2026-07-17,84,165.0,3.0,3.2,19.65,20.65
2026-07-17,84,170.0,2.21,2.32,23.65,25.3
2026-07-17,84,175.0,1.57,1.71,28.2,29.4
2026-07-17,84,180.0,1.19,1.26,32.1,34.75
2026-07-17,84,185.0,0.79,0.96,36.9,39.6
2026-07-17,84,195.0,0.37,0.81,46.7,49.4
2026-07-17,84,200.0,0.35,0.51,51.6,54.35
2026-07-17,84,250.0,0.06,0.24,101.3,104.4
2026-09-18,147,55.0,99.4,102.45,0.6,0.35
2026-09-18,147,60.0,50.55,55.0,0.29,0.25
2026-09-18,147,65.0,91.7,91.7,0.25,0.54
2026-09-18,147,70.0,39.55,43.95,1.77,0.7
2026-09-18,147,75.0,71.25,74.8,0.03,0.35
2026-09-18,147,80.0,64.65,68.1,0.15,0.37
2026-09-18,147,85.0,61.25,64.5,0.22,0.45
2026-09-18,147,90.0,66.1,68.55,0.31,0.45
2026-09-18,147,95.0,51.55,54.55,0.45,0.63
2026-09-18,147,100.0,46.85,49.8,0.64,0.8
2026-09-18,147,105.0,42.05,44.5,0.86,0.99
2026-09-18,147,110.0,37.65,40.4,1.17,1.29
2026-09-18,147,115.0,33.1,35.95,1.63,1.73
2026-09-18,147,120.0,29.05,31.15,2.27,2.44
2026-09-18,147,125.0,25.2,26.95,3.1,3.35
2026-09-18,147,130.0,21.85,23.05,4.15,4.4
2026-09-18,147,135.0,17.85,19.4,5.55,5.9
2026-09-18,147,140.0,15.2,16.0,7.4,7.7
2026-09-18,147,145.0,12.25,13.2,9.6,9.85
2026-09-18,147,150.0,10.5,10.75,12.1,12.45
2026-09-18,147,155.0,8.4,8.75,14.95,15.7
2026-09-18,147,160.0,6.75,7.0,18.1,18.7
2026-09-18,147,165.0,5.0,5.55,20.6,22.95
2026-09-18,147,170.0,4.1,4.45,24.55,27.2
2026-09-18,147,175.0,3.2,3.55,28.75,31.3
2026-09-18,147,180.0,2.51,2.81,33.15,35.65
2026-09-18,147,185.0,1.95,2.23,37.65,40.25
2026-09-18,147,190.0,1.47,1.84,42.3,45.1
2026-09-18,147,210.0,0.55,1.0,63.35,66.0
2026-09-18,147,220.0,0.4,0.59,71.45,74.65
2026-09-18,147,230.0,0.23,0.62,81.4,84.45
2026-10-16,175,85.0,60.35,63.25,0.16,0.54
2026-10-16,175,90.0,56.4,59.75,0.3,0.64
2026-10-16,175,100.0,46.9,49.9,0.73,0.91
2026-10-16,175,110.0,38.05,40.75,1.25,1.81
2026-10-16,175,115.0,33.65,36.15,1.76,2.24
2026-10-16,175,120.0,29.55,32.25,2.75,3.05
2026-10-16,175,125.0,25.6,28.25,3.25,4.05
2026-10-16,175,130.0,22.2,23.85,4.4,5.3
2026-10-16,175,135.0,18.9,20.55,6.4,6.7
2026-10-16,175,140.0,15.95,17.3,8.25,8.95
2026-10-16,175,145.0,13.85,14.45,10.4,10.7
2026-10-16,175,150.0,10.95,11.85,12.85,13.75
2026-10-16,175,155.0,8.85,9.75,14.75,16.7
2026-10-16,175,160.0,7.4,7.95,17.75,20.1
2026-10-16,175,165.0,5.8,6.5,21.3,23.65
2026-10-16,175,170.0,4.6,5.3,26.1,27.45
2026-10-16,175,175.0,3.75,4.55,29.3,31.75
2026-10-16,175,180.0,3.0,3.9,33.5,36.05
2026-10-16,175,185.0,2.5,3.25,37.95,40.5
2026-10-16,175,190.0,1.78,2.64,42.75,45.2
2026-11-20,210,100.0,47.35,50.15,0.93,1.31
2026-11-20,210,115.0,40.27,40.27,2.37,3.1
2026-11-20,210,120.0,30.15,32.9,3.1,4.0
2026-11-20,210,125.0,26.4,29.15,4.2,5.15
2026-11-20,210,130.0,22.75,24.85,5.85,6.45
2026-11-20,210,135.0,19.7,21.7,7.45,8.15
2026-11-20,210,140.0,17.3,18.6,9.4,10.25
2026-11-20,210,145.0,14.8,15.8,11.55,12.35
2026-11-20,210,150.0,12.3,13.65,14.05,14.55
2026-11-20,210,155.0,10.2,11.25,16.85,17.9
2026-11-20,210,160.0,8.5,9.85,19.95,21.25
2026-11-20,210,165.0,7.2,7.65,22.95,24.7
2026-11-20,210,170.0,5.7,6.5,26.8,28.5
2026-11-20,210,175.0,4.5,5.85,30.05,33.0
2026-11-20,210,180.0,3.7,4.85,35.55,38.4
2026-11-20,210,190.0,2.4,3.35,42.95,45.8
2026-11-20,210,210.0,1.11,1.65,61.8,64.75
2026-12-18,238,50.0,96.15,99.4,0.06,0.47
2026-12-18,238,55.0,97.8,97.8,0.16,2.23
2026-12-18,238,60.0,86.15,89.2,0.11,0.28
2026-12-18,238,65.0,90.62,90.62,0.04,0.42
2026-12-18,238,70.0,74.65,78.5,0.01,0.49
2026-12-18,238,75.0,80.32,80.32,0.19,0.57
2026-12-18,238,80.0,66.3,69.7,0.28,0.68
2026-12-18,238,85.0,61.45,64.55,0.41,0.8
2026-12-18,238,90.0,56.7,59.75,0.79,0.98
2026-12-18,238,95.0,52.0,55.0,1.02,1.21
2026-12-18,238,100.0,47.45,50.35,1.29,1.54
2026-12-18,238,105.0,43.0,45.95,1.54,1.95
2026-12-18,238,110.0,38.85,41.0,2.32,2.6
2026-12-18,238,115.0,34.3,37.15,2.7,3.35
2026-12-18,238,120.0,30.85,33.35,4.05,4.35
2026-12-18,238,125.0,27.15,29.15,5.1,5.5
2026-12-18,238,130.0,23.85,26.1,6.5,7.05
2026-12-18,238,135.0,20.5,22.85,8.15,8.7
2026-12-18,238,140.0,17.6,19.5,9.7,10.8
2026-12-18,238,145.0,15.15,16.4,11.95,13.15
2026-12-18,238,150.0,13.0,13.85,14.35,15.7
2026-12-18,238,155.0,10.85,11.8,16.25,18.6
2026-12-18,238,160.0,8.95,9.9,20.1,21.75
2026-12-18,238,165.0,7.4,9.0,22.9,25.3
2026-12-18,238,170.0,6.6,7.0,26.55,28.85
2026-12-18,238,175.0,5.05,5.95,30.5,32.85
2026-12-18,238,180.0,4.15,4.95,34.55,37.05
2026-12-18,238,185.0,3.45,4.4,38.8,41.45
2026-12-18,238,190.0,2.83,3.75,43.65,45.8
2026-12-18,238,200.0,2.01,2.46,52.35,55.25
2026-12-18,238,260.0,0.23,0.67,110.6,114.35
2027-01-15,266,50.0,94.6,97.7,0.01,0.14
2027-01-15,266,55.0,61.9,63.05,0.05,0.19
2027-01-15,266,60.0,84.55,88.5,0.36,0.38
2027-01-15,266,65.0,86.65,86.65,0.09,0.45
2027-01-15,266,70.0,76.25,79.55,0.11,0.53
2027-01-15,266,75.0,71.3,74.6,0.24,0.63
2027-01-15,266,80.0,66.4,69.6,0.41,0.75
2027-01-15,266,85.0,61.6,64.65,0.72,0.91
2027-01-15,266,90.0,56.9,59.8,0.99,1.11
2027-01-15,266,95.0,52.35,55.2,1.24,1.36
2027-01-15,266,100.0,47.9,50.55,1.56,1.78
2027-01-15,266,105.0,43.1,46.2,2.11,2.3
2027-01-15,266,110.0,39.25,41.9,2.7,2.89
2027-01-15,266,115.0,35.1,37.55,3.45,3.75
2027-01-15,266,120.0,31.3,33.55,4.55,4.75
2027-01-15,266,125.0,27.65,29.8,5.6,5.95
2027-01-15,266,130.0,24.45,26.9,7.3,7.45
2027-01-15,266,135.0,21.0,23.3,9.1,9.25
2027-01-15,266,140.0,18.35,20.65,10.95,11.15
2027-01-15,266,145.0,16.7,17.25,13.15,13.45
2027-01-15,266,150.0,14.25,14.8,15.35,16.05
2027-01-15,266,155.0,12.45,12.65,18.15,18.7
2027-01-15,266,160.0,10.5,10.75,21.1,22.2
2027-01-15,266,165.0,8.85,9.15,23.5,25.2
2027-01-15,266,170.0,7.35,7.75,27.6,29.3
2027-01-15,266,175.0,6.45,6.6,30.8,33.15
2027-01-15,266,180.0,5.45,5.6,34.9,37.2
2027-01-15,266,185.0,4.55,4.75,39.15,41.2
2027-01-15,266,190.0,3.7,4.05,43.5,46.2
2027-01-15,266,195.0,3.25,3.55,47.95,50.65
2027-01-15,266,200.0,2.58,2.94,52.55,55.2
2027-01-15,266,210.0,1.94,2.14,62.0,64.8
2027-01-15,266,220.0,1.4,1.63,73.05,75.7
2027-01-15,266,230.0,1.03,1.23,81.25,84.6
2027-01-15,266,240.0,0.97,0.98,91.0,94.5
2027-03-19,329,80.0,66.5,70.75,0.34,0.96
2027-03-19,329,90.0,57.0,60.4,0.69,1.69
2027-03-19,329,95.0,52.55,55.7,1.46,2.05
2027-03-19,329,105.0,43.8,47.0,2.48,3.5
2027-03-19,329,110.0,41.05,42.95,3.15,4.1
2027-03-19,329,115.0,35.65,39.0,4.25,5.65
2027-03-19,329,120.0,31.95,35.1,5.1,6.3
2027-03-19,329,125.0,29.0,31.55,6.2,8.1
2027-03-19,329,130.0,25.75,27.5,7.7,8.8
2027-03-19,329,135.0,21.95,24.55,8.5,11.0
2027-03-19,329,140.0,19.6,22.2,10.5,13.0
2027-03-19,329,145.0,17.15,19.4,13.6,15.1
2027-03-19,329,150.0,14.75,16.5,16.15,17.9
2027-03-19,329,155.0,12.8,15.05,18.15,21.35
2027-03-19,329,160.0,10.6,13.25,21.2,24.35
2027-03-19,329,165.0,9.45,11.05,24.55,27.45
2027-03-19,329,170.0,7.35,9.85,28.05,31.1
2027-03-19,329,175.0,6.75,8.9,31.8,34.85
2027-03-19,329,180.0,5.75,6.8,35.7,38.55
